Frame ID,QR id,QR 2D,Distance,Yaw
274,0,"[[408.0, 63.0], [467.0, 59.0], [472.0, 119.0], [415.0, 123.0]]",0.8108200118641878,-1.6977067929951855
275,0,"[[412.0, 31.0], [470.0, 27.0], [473.0, 86.0], [415.0, 90.0]]",0.8249080581363214,-2.3387675414971825
288,0,"[[228.0, 27.0], [288.0, 23.0], [294.0, 83.0], [236.0, 87.0]]",0.8479043123573792,-9.305204960170522
289,0,"[[122.0, 12.0], [187.0, 8.0], [195.0, 68.0], [131.0, 74.0]]",0.8194002488744033,-7.726693232343998
309,0,"[[681.0, 56.0], [746.0, 55.0], [745.0, 118.0], [681.0, 117.0]]",0.776014029329011,6.92649650105894
317,1,"[[615.0, 84.0], [640.0, 88.0], [637.0, 114.0], [611.0, 112.0]]",1.8257134554203898,4.479314563042932
318,1,"[[672.0, 99.0], [698.0, 103.0], [694.0, 129.0], [669.0, 126.0]]",1.845977283655889,6.345366876100872
319,1,"[[702.0, 120.0], [727.0, 122.0], [724.0, 149.0], [698.0, 146.0]]",1.8703785941716988,13.482289606116842
320,1,"[[705.0, 120.0], [732.0, 123.0], [728.0, 151.0], [702.0, 151.0]]",1.6831033088132665,-0.03846460692881012
321,1,"[[712.0, 116.0], [740.0, 118.0], [736.0, 147.0], [708.0, 144.0]]",1.7484677795394319,11.92002543221973
322,1,"[[737.0, 115.0], [765.0, 116.0], [762.0, 145.0], [735.0, 143.0]]",1.760730652754098,12.61376462244155
323,1,"[[752.0, 111.0], [781.0, 113.0], [778.0, 142.0], [750.0, 141.0]]",1.7096420297806179,2.4423329062805825
324,1,"[[725.0, 92.0], [752.0, 93.0], [750.0, 123.0], [721.0, 123.0]]",1.6650271264781327,-1.182327153714281
325,1,"[[688.0, 106.0], [714.0, 107.0], [712.0, 136.0], [684.0, 136.0]]",1.6875223101780963,-1.61551889580138
326,1,"[[658.0, 88.0], [686.0, 90.0], [684.0, 121.0], [656.0, 119.0]]",1.6037451064382506,0.34052405359064064
327,1,"[[657.0, 92.0], [686.0, 94.0], [683.0, 124.0], [654.0, 123.0]]",1.6344933641753443,1.647946628844087
328,1,"[[669.0, 80.0], [699.0, 82.0], [696.0, 114.0], [667.0, 113.0]]",1.5470545318743598,-0.36811367780839266
329,1,"[[663.0, 75.0], [694.0, 77.0], [691.0, 109.0], [661.0, 108.0]]",1.5478319585133076,0.9118765071483216
330,1,"[[643.0, 73.0], [674.0, 76.0], [671.0, 109.0], [640.0, 107.0]]",1.4913282116327637,1.7350661918309773
331,1,"[[664.0, 73.0], [696.0, 76.0], [693.0, 108.0], [661.0, 107.0]]",1.5166184303626882,3.3713267719268245
332,1,"[[676.0, 75.0], [709.0, 78.0], [704.0, 113.0], [673.0, 111.0]]",1.4209065522586006,0.8838223582728223
333,1,"[[674.0, 83.0], [707.0, 85.0], [704.0, 121.0], [671.0, 119.0]]",1.3944568875798342,0.6411690946444832
334,1,"[[663.0, 73.0], [697.0, 75.0], [695.0, 112.0], [660.0, 110.0]]",1.3547050900224398,1.0351927782603219
335,1,"[[648.0, 99.0], [684.0, 100.0], [682.0, 139.0], [647.0, 138.0]]",1.2693455196897612,-1.585929639058996
336,1,"[[676.0, 98.0], [714.0, 99.0], [712.0, 137.0], [674.0, 137.0]]",1.2920583134250867,1.5895756684813829
337,1,"[[676.0, 98.0], [714.0, 99.0], [712.0, 137.0], [674.0, 137.0]]",1.2920583134250867,1.5895756684813829
338,1,"[[703.0, 120.0], [742.0, 124.0], [739.0, 165.0], [700.0, 163.0]]",1.1721583712998969,1.9972892536857614
339,1,"[[713.0, 117.0], [755.0, 120.0], [752.0, 163.0], [710.0, 161.0]]",1.1359643591050501,2.4872861050727253
340,1,"[[732.0, 109.0], [777.0, 111.0], [773.0, 157.0], [730.0, 155.0]]",1.0890330856579087,1.5240658559527172
341,1,"[[732.0, 122.0], [777.0, 124.0], [774.0, 171.0], [730.0, 169.0]]",1.058340340799975,1.0975079562623784
342,1,"[[759.0, 103.0], [807.0, 104.0], [805.0, 156.0], [757.0, 155.0]]",0.9743385333211675,-0.7763233131405746
343,1,"[[769.0, 123.0], [820.0, 125.0], [819.0, 175.0], [768.0, 176.0]]",0.9679724611028848,0.4399165689341681
344,1,"[[806.0, 102.0], [862.0, 102.0], [862.0, 160.0], [806.0, 160.0]]",0.8774858098482854,-0.7963564222723426
345,1,"[[848.0, 125.0], [907.0, 127.0], [907.0, 189.0], [847.0, 187.0]]",0.8220107286552657,0.8788479193845959
365,3,"[[487.0, 122.0], [503.0, 123.0], [502.0, 139.0], [486.0, 139.0]]",2.8909467090489454,-0.846886719896171
366,3,"[[492.0, 123.0], [509.0, 124.0], [508.0, 140.0], [492.0, 139.0]]",2.8463264280435245,4.83295052728611
369,3,"[[503.0, 158.0], [521.0, 159.0], [521.0, 177.0], [503.0, 179.0]]",2.4310182819639845,-5.365577531121342
370,3,"[[486.0, 153.0], [504.0, 152.0], [505.0, 170.0], [487.0, 173.0]]",2.467782564773742,-9.49439490628005
371,3,"[[495.0, 170.0], [513.0, 170.0], [512.0, 189.0], [496.0, 189.0]]",2.72464927361911,0.22435877639505933
373,3,"[[542.0, 145.0], [561.0, 146.0], [559.0, 166.0], [541.0, 165.0]]",2.5248631800934174,2.9404242397646203
374,3,"[[544.0, 159.0], [564.0, 161.0], [563.0, 180.0], [544.0, 180.0]]",2.350412267294834,1.0840313638472898
375,3,"[[547.0, 169.0], [567.0, 168.0], [567.0, 190.0], [548.0, 191.0]]",2.3581352061190235,-3.7490113814826107
377,3,"[[527.0, 150.0], [549.0, 151.0], [548.0, 173.0], [528.0, 173.0]]",2.11371911088812,-2.057750892744673
378,3,"[[504.0, 133.0], [526.0, 132.0], [527.0, 155.0], [506.0, 156.0]]",2.18321287549351,-1.1169818635756925
379,3,"[[512.0, 165.0], [535.0, 164.0], [536.0, 188.0], [514.0, 190.0]]",1.9317714627176135,-7.263503955549812
380,3,"[[523.0, 176.0], [547.0, 175.0], [548.0, 197.0], [525.0, 200.0]]",1.984910055373605,-4.759339478231558
381,3,"[[542.0, 135.0], [567.0, 135.0], [566.0, 159.0], [542.0, 159.0]]",1.9306219936226179,0.6952493937064902
382,3,"[[560.0, 151.0], [585.0, 151.0], [585.0, 177.0], [561.0, 177.0]]",1.8310507247391996,5.235974721275539
383,3,"[[562.0, 155.0], [587.0, 154.0], [588.0, 181.0], [563.0, 182.0]]",1.7683476862525545,-5.114635517411164
384,3,"[[554.0, 162.0], [580.0, 161.0], [580.0, 187.0], [554.0, 188.0]]",1.8009518387094376,0.21642843303409526
386,3,"[[551.0, 148.0], [578.0, 148.0], [577.0, 177.0], [551.0, 177.0]]",1.7566276886911742,-0.7714521619098873
387,3,"[[552.0, 140.0], [580.0, 140.0], [580.0, 169.0], [553.0, 170.0]]",1.6253822049203799,-3.9905705500970448
388,3,"[[562.0, 135.0], [591.0, 134.0], [592.0, 164.0], [563.0, 166.0]]",1.5771770061659567,-4.879203430260328
389,3,"[[573.0, 149.0], [603.0, 147.0], [605.0, 177.0], [575.0, 180.0]]",1.565173506399111,-4.936832293044221
390,3,"[[604.0, 117.0], [635.0, 117.0], [635.0, 149.0], [604.0, 150.0]]",1.4993857558678356,-2.490436670878904
391,3,"[[629.0, 126.0], [662.0, 126.0], [664.0, 160.0], [630.0, 160.0]]",1.3861839619258858,-1.4681085779922278
392,3,"[[665.0, 144.0], [699.0, 142.0], [700.0, 178.0], [666.0, 179.0]]",1.3704424884027417,4.173911594300356
393,3,"[[675.0, 140.0], [711.0, 137.0], [711.0, 175.0], [676.0, 176.0]]",1.323111175579304,3.656079417371202
394,3,"[[688.0, 105.0], [724.0, 104.0], [725.0, 143.0], [689.0, 145.0]]",1.257364125474956,-4.954750235778348
395,3,"[[698.0, 104.0], [736.0, 101.0], [737.0, 141.0], [700.0, 143.0]]",1.2614043242952278,5.381198960025805
396,3,"[[708.0, 64.0], [748.0, 62.0], [750.0, 105.0], [709.0, 108.0]]",1.167572783493168,-5.231038857530154
397,3,"[[728.0, 74.0], [771.0, 71.0], [773.0, 117.0], [730.0, 120.0]]",1.103488183755116,-5.4873152711847375
398,3,"[[792.0, 44.0], [840.0, 42.0], [839.0, 93.0], [792.0, 95.0]]",1.0366636127033948,-3.609881020832251
399,3,"[[850.0, 44.0], [902.0, 43.0], [901.0, 97.0], [850.0, 99.0]]",0.9825279456692605,-2.544497862786103
400,3,"[[888.0, 47.0], [942.0, 45.0], [942.0, 101.0], [888.0, 103.0]]",0.9659004416860137,-2.4173433843605516
419,2,"[[273.0, 63.0], [305.0, 62.0], [304.0, 102.0], [274.0, 103.0]]",1.517841690988646,-8.820714233303898
423,2,"[[604.0, 61.0], [634.0, 57.0], [630.0, 98.0], [600.0, 101.0]]",1.2153680298006946,12.337629382064224
423,5,"[[69.0, 77.0], [87.0, 78.0], [87.0, 96.0], [69.0, 95.0]]",2.932971615815186,2.6486975793276195
424,2,"[[629.0, 64.0], [660.0, 61.0], [656.0, 102.0], [625.0, 104.0]]",1.2264616521327187,13.675845512141821
425,2,"[[680.0, 58.0], [711.0, 55.0], [706.0, 98.0], [675.0, 100.0]]",1.1887593809176955,18.353433515333567
426,2,"[[723.0, 68.0], [754.0, 65.0], [750.0, 110.0], [718.0, 111.0]]",1.1628098017230568,21.863144106251397
427,2,"[[782.0, 64.0], [815.0, 59.0], [811.0, 104.0], [777.0, 108.0]]",1.1692439523863827,18.37728382166582
427,5,"[[276.0, 117.0], [293.0, 118.0], [293.0, 134.0], [276.0, 132.0]]",3.1731535830924398,1.1252614228425537
428,2,"[[789.0, 47.0], [822.0, 40.0], [818.0, 87.0], [785.0, 92.0]]",1.1438441193514535,19.883459496169458
428,5,"[[298.0, 110.0], [316.0, 111.0], [314.0, 127.0], [298.0, 125.0]]",2.8697950050757206,1.986084150555701
429,2,"[[787.0, 28.0], [820.0, 21.0], [815.0, 71.0], [783.0, 75.0]]",1.1010284410549962,27.179494179088856
429,5,"[[305.0, 94.0], [322.0, 95.0], [321.0, 111.0], [305.0, 110.0]]",2.9634233205896217,0.0949791358608569
430,2,"[[798.0, 33.0], [830.0, 26.0], [826.0, 76.0], [793.0, 81.0]]",1.0899645227937407,27.347729639426476
430,5,"[[324.0, 96.0], [341.0, 97.0], [341.0, 113.0], [325.0, 113.0]]",2.933021632021788,0.8849827799174179
432,5,"[[379.0, 91.0], [395.0, 92.0], [395.0, 108.0], [379.0, 108.0]]",2.9787000046726075,-1.7416489788609413
432,4,"[[235.0, 158.0], [244.0, 158.0], [245.0, 167.0], [236.0, 167.0]]",5.324576191336488,0.5158231344964544
435,5,"[[423.0, 128.0], [440.0, 127.0], [441.0, 143.0], [424.0, 144.0]]",2.776051285475561,-3.548202286851908
436,5,"[[422.0, 136.0], [439.0, 135.0], [440.0, 152.0], [424.0, 153.0]]",2.8049531538019337,-1.4526386225431214
437,2,"[[889.0, 32.0], [929.0, 16.0], [926.0, 82.0], [888.0, 94.0]]",0.8579562129840637,35.17522407252054
437,5,"[[434.0, 164.0], [451.0, 165.0], [451.0, 182.0], [435.0, 182.0]]",2.683139861842795,-2.509701478179111
438,5,"[[457.0, 177.0], [474.0, 176.0], [473.0, 193.0], [456.0, 193.0]]",2.667907866734001,0.7932989392274361
439,5,"[[462.0, 177.0], [478.0, 178.0], [478.0, 195.0], [461.0, 195.0]]",2.695853924053605,-1.5557994316849337
440,2,"[[898.0, 55.0], [942.0, 39.0], [938.0, 112.0], [894.0, 123.0]]",0.7732746066671687,34.68122617945521
440,5,"[[441.0, 198.0], [457.0, 199.0], [457.0, 216.0], [440.0, 215.0]]",2.7435744783065767,1.1495957844761902
441,2,"[[880.0, 45.0], [926.0, 27.0], [921.0, 102.0], [876.0, 114.0]]",0.752591204199589,27.974398905864614
441,5,"[[416.0, 193.0], [433.0, 193.0], [434.0, 210.0], [416.0, 210.0]]",2.661826690732741,-1.086731320762324
442,5,"[[386.0, 171.0], [404.0, 171.0], [404.0, 189.0], [386.0, 187.0]]",2.6035006490860875,3.4214174240384234
443,2,"[[849.0, 33.0], [900.0, 11.0], [897.0, 94.0], [845.0, 110.0]]",0.6693381848169994,17.65048285054173
443,5,"[[351.0, 199.0], [368.0, 197.0], [370.0, 215.0], [352.0, 216.0]]",2.660954496000819,-4.660085232218936
444,2,"[[881.0, 35.0], [939.0, 10.0], [940.0, 96.0], [881.0, 114.0]]",0.6569891712651112,10.78504524218546
445,5,"[[352.0, 213.0], [371.0, 212.0], [372.0, 231.0], [355.0, 232.0]]",2.585418525262581,-3.3543833874200857
445,4,"[[230.0, 288.0], [240.0, 289.0], [240.0, 298.0], [230.0, 298.0]]",4.853067442340465,1.7259960972155062
446,5,"[[371.0, 217.0], [389.0, 216.0], [391.0, 235.0], [373.0, 236.0]]",2.445657305231269,-1.0502464859583414
447,5,"[[406.0, 219.0], [426.0, 216.0], [427.0, 235.0], [408.0, 236.0]]",2.3700093545154526,-6.6365768778439636
448,5,"[[428.0, 176.0], [447.0, 176.0], [448.0, 195.0], [428.0, 195.0]]",2.393152476165769,-0.9997233069046039
449,5,"[[476.0, 163.0], [495.0, 162.0], [496.0, 182.0], [477.0, 183.0]]",2.3712817704170623,-5.759065331667251
450,5,"[[490.0, 161.0], [510.0, 160.0], [511.0, 181.0], [492.0, 182.0]]",2.3911206867562997,-2.799444799167473
451,5,"[[517.0, 156.0], [538.0, 154.0], [539.0, 175.0], [519.0, 176.0]]",2.2813474388676336,-2.5942714297119176
452,5,"[[535.0, 154.0], [555.0, 153.0], [557.0, 174.0], [536.0, 176.0]]",2.211157240104662,-6.191206951293688
452,4,"[[410.0, 246.0], [420.0, 245.0], [421.0, 255.0], [411.0, 255.0]]",4.597770419732416,-2.2843678005642354
453,5,"[[536.0, 139.0], [558.0, 138.0], [558.0, 159.0], [537.0, 160.0]]",2.1952022376376434,-2.0392113655861634
454,5,"[[542.0, 132.0], [563.0, 132.0], [562.0, 156.0], [542.0, 157.0]]",1.963943284802208,-7.67810842521955
455,5,"[[555.0, 128.0], [577.0, 126.0], [578.0, 149.0], [556.0, 151.0]]",2.088151553374851,-6.893746910294613
455,4,"[[423.0, 226.0], [433.0, 226.0], [434.0, 236.0], [423.0, 236.0]]",4.395122157579733,-1.228099378362539
456,5,"[[564.0, 122.0], [587.0, 120.0], [589.0, 143.0], [566.0, 146.0]]",2.051390833558479,-6.2752784877822725
456,4,"[[430.0, 225.0], [441.0, 226.0], [441.0, 236.0], [430.0, 236.0]]",4.196313819601213,1.470393130875544
456,7,"[[359.0, 273.0], [359.0, 264.0], [368.0, 264.0], [368.0, 273.0]]",5.158971942331286,-89.88059530376648
457,5,"[[574.0, 127.0], [597.0, 126.0], [599.0, 150.0], [576.0, 152.0]]",1.9548548721851746,-6.401074883149214
458,5,"[[634.0, 125.0], [660.0, 124.0], [660.0, 149.0], [636.0, 151.0]]",1.9095466420911136,-3.6734657521848058
459,5,"[[657.0, 117.0], [683.0, 115.0], [684.0, 142.0], [658.0, 143.0]]",1.8474609396241963,2.6251856828679254
459,4,"[[507.0, 227.0], [518.0, 227.0], [518.0, 239.0], [507.0, 238.0]]",4.00881519333641,5.3675430538000874
459,7,"[[432.0, 274.0], [432.0, 265.0], [442.0, 265.0], [441.0, 275.0]]",4.851335373241417,-86.92675705477458
460,5,"[[679.0, 113.0], [707.0, 111.0], [707.0, 138.0], [680.0, 140.0]]",1.805853155400602,-1.3834771445232177
461,5,"[[688.0, 111.0], [717.0, 109.0], [717.0, 137.0], [690.0, 139.0]]",1.7639685082888767,1.2641809358023648
461,4,"[[532.0, 232.0], [543.0, 232.0], [543.0, 244.0], [532.0, 244.0]]",3.886882329681304,-2.4673644118061704
463,5,"[[699.0, 88.0], [731.0, 86.0], [730.0, 116.0], [700.0, 118.0]]",1.6293585395252457,-0.05260488177167299
464,5,"[[695.0, 79.0], [727.0, 76.0], [727.0, 107.0], [697.0, 109.0]]",1.6246559339032212,0.6826518174577493
464,4,"[[524.0, 212.0], [536.0, 212.0], [536.0, 225.0], [524.0, 225.0]]",3.603978535590409,-2.738035790930453
464,7,"[[447.0, 265.0], [447.0, 254.0], [457.0, 255.0], [457.0, 265.0]]",4.369562324853255,-89.95856054715149
465,5,"[[698.0, 73.0], [731.0, 69.0], [732.0, 101.0], [700.0, 104.0]]",1.560721462239787,-1.5783972475369474
465,7,"[[446.0, 272.0], [446.0, 261.0], [456.0, 261.0], [456.0, 271.0]]",4.355312235921009,-89.78307757954076
466,5,"[[685.0, 82.0], [719.0, 79.0], [719.0, 112.0], [687.0, 115.0]]",1.5200761421674567,-1.827812024639931
466,4,"[[505.0, 231.0], [517.0, 230.0], [518.0, 242.0], [505.0, 243.0]]",3.678062010058586,-3.5450176614746853
467,5,"[[745.0, 59.0], [781.0, 55.0], [782.0, 91.0], [746.0, 94.0]]",1.4484717419560607,1.547055483220009
467,4,"[[548.0, 218.0], [561.0, 218.0], [561.0, 231.0], [548.0, 231.0]]",3.5827649570156597,0.054917518926054995
468,5,"[[762.0, 38.0], [800.0, 34.0], [801.0, 72.0], [763.0, 76.0]]",1.3820887416465388,-3.3964966403852963
468,4,"[[556.0, 207.0], [569.0, 207.0], [569.0, 220.0], [555.0, 220.0]]",3.4522807342463406,1.5423364044725227
468,7,"[[474.0, 264.0], [473.0, 253.0], [483.0, 252.0], [484.0, 263.0]]",4.194997709590533,-95.22301727721782
469,5,"[[778.0, 22.0], [819.0, 18.0], [820.0, 59.0], [779.0, 63.0]]",1.2909997729666232,-3.281773483233289
469,7,"[[472.0, 271.0], [472.0, 260.0], [482.0, 259.0], [483.0, 271.0]]",4.01728985742073,-92.47974353661024
470,4,"[[562.0, 202.0], [575.0, 200.0], [576.0, 216.0], [563.0, 216.0]]",3.1294517852870567,1.6532067909303683
471,4,"[[504.0, 212.0], [517.0, 211.0], [519.0, 225.0], [504.0, 226.0]]",3.302679836116927,-3.9195787535366056
472,4,"[[498.0, 209.0], [512.0, 208.0], [513.0, 222.0], [498.0, 223.0]]",3.184312955228546,-2.8422823342679018
472,7,"[[413.0, 276.0], [411.0, 264.0], [422.0, 263.0], [423.0, 275.0]]",3.9398470345508305,-96.74691403348046
476,4,"[[527.0, 205.0], [542.0, 205.0], [542.0, 221.0], [527.0, 221.0]]",2.9335046299431746,-2.413246311454668
476,7,"[[435.0, 272.0], [435.0, 259.0], [447.0, 259.0], [447.0, 272.0]]",3.56166990629915,-89.84018261090773
477,4,"[[535.0, 218.0], [550.0, 217.0], [551.0, 233.0], [535.0, 234.0]]",2.907717303117475,-1.2042229207645365
477,7,"[[441.0, 286.0], [442.0, 273.0], [453.0, 273.0], [454.0, 286.0]]",3.729710009283998,-89.8566996575356
479,4,"[[506.0, 220.0], [523.0, 219.0], [523.0, 235.0], [506.0, 236.0]]",2.7045589745173113,-1.9828926431368565
479,7,"[[408.0, 291.0], [408.0, 278.0], [421.0, 277.0], [422.0, 291.0]]",3.40836665145853,-91.95999622171666
480,4,"[[494.0, 215.0], [511.0, 215.0], [512.0, 231.0], [495.0, 232.0]]",2.7135461233516343,-2.322925574697507
480,7,"[[396.0, 289.0], [396.0, 276.0], [409.0, 275.0], [410.0, 289.0]]",3.4119179023851376,-91.9721971769407
481,4,"[[479.0, 232.0], [496.0, 232.0], [496.0, 249.0], [479.0, 250.0]]",2.6381571837508924,-3.3441878318416545
481,7,"[[380.0, 310.0], [379.0, 297.0], [393.0, 295.0], [394.0, 309.0]]",3.417504028395622,-95.29415383356246
482,4,"[[476.0, 238.0], [493.0, 236.0], [494.0, 254.0], [476.0, 255.0]]",2.569714553572919,-3.3603113942814775
483,4,"[[467.0, 193.0], [485.0, 192.0], [486.0, 210.0], [468.0, 212.0]]",2.5136339949251676,-6.754167438129793
484,4,"[[462.0, 202.0], [480.0, 202.0], [480.0, 221.0], [462.0, 221.0]]",2.46661682449494,2.684673340407687
484,7,"[[356.0, 279.0], [356.0, 265.0], [371.0, 265.0], [371.0, 280.0]]",3.108756599072214,-87.969103983442
485,10,"[[899.0, 213.0], [912.0, 210.0], [912.0, 251.0], [898.0, 252.0]]",1.2860960512875794,150.86847669814236
485,4,"[[467.0, 214.0], [485.0, 214.0], [485.0, 233.0], [467.0, 234.0]]",2.3873326663083043,-4.7330104109026
485,7,"[[360.0, 294.0], [359.0, 278.0], [374.0, 278.0], [375.0, 293.0]]",2.9789311499334565,-93.65868222716192
486,10,"[[901.0, 235.0], [916.0, 232.0], [916.0, 275.0], [901.0, 276.0]]",1.2200817143464997,155.97706372748868
486,4,"[[449.0, 242.0], [468.0, 241.0], [469.0, 261.0], [450.0, 261.0]]",2.3651025932401586,-0.016634782600620467
486,7,"[[341.0, 324.0], [340.0, 308.0], [356.0, 308.0], [356.0, 323.0]]",2.9845474740729823,-91.11662312100756
487,10,"[[907.0, 211.0], [924.0, 208.0], [923.0, 254.0], [905.0, 256.0]]",1.136535306058289,145.4034249416883
487,4,"[[426.0, 206.0], [446.0, 207.0], [445.0, 227.0], [425.0, 227.0]]",2.2605412076909026,-1.0008992597264008
487,7,"[[311.0, 289.0], [312.0, 273.0], [327.0, 273.0], [326.0, 290.0]]",2.817632300935471,-86.61209237591062
488,10,"[[907.0, 220.0], [925.0, 216.0], [924.0, 264.0], [906.0, 264.0]]",1.1207142071379987,143.3622555127749
488,4,"[[421.0, 216.0], [441.0, 215.0], [441.0, 236.0], [421.0, 236.0]]",2.257819796890713,0.18221182981453907
488,7,"[[307.0, 299.0], [306.0, 284.0], [321.0, 282.0], [323.0, 299.0]]",2.9027631188110776,-94.22469002612476
489,4,"[[456.0, 260.0], [478.0, 261.0], [478.0, 282.0], [457.0, 282.0]]",2.10265835192462,0.21486184568280448
489,7,"[[340.0, 350.0], [339.0, 333.0], [355.0, 332.0], [357.0, 349.0]]",2.707584696804704,-95.48968115222927
490,11,"[[928.0, 694.0], [893.0, 683.0], [902.0, 673.0], [939.0, 685.0]]",1.6283765921032947,-166.2654005314612
490,4,"[[529.0, 240.0], [552.0, 238.0], [552.0, 261.0], [530.0, 261.0]]",2.0574744224636774,-2.351653962008433
490,7,"[[410.0, 331.0], [409.0, 314.0], [426.0, 313.0], [427.0, 331.0]]",2.6147476134331695,-92.95036669204403
491,4,"[[548.0, 228.0], [571.0, 228.0], [570.0, 251.0], [547.0, 251.0]]",1.9938479319759033,1.9286761087505526
491,7,"[[424.0, 320.0], [424.0, 302.0], [441.0, 302.0], [442.0, 320.0]]",2.5460540414523933,-91.69059518533483
492,4,"[[577.0, 231.0], [601.0, 231.0], [602.0, 254.0], [578.0, 255.0]]",1.9360511500316147,-1.3158935577205255
492,0,"[[42.0, 267.0], [59.0, 267.0], [61.0, 293.0], [44.0, 293.0]]",1.9460023289793975,2.5499726476223588
492,7,"[[450.0, 325.0], [451.0, 307.0], [468.0, 307.0], [467.0, 326.0]]",2.4769534893456475,-86.88435635701416
493,4,"[[592.0, 236.0], [616.0, 236.0], [615.0, 261.0], [591.0, 260.0]]",1.9092718415061538,3.657834029886408
493,7,"[[460.0, 331.0], [461.0, 313.0], [478.0, 313.0], [478.0, 333.0]]",2.4099698188829004,-88.5032196145744
494,4,"[[616.0, 235.0], [641.0, 235.0], [640.0, 260.0], [615.0, 260.0]]",1.8645251511084655,-0.17164589914897554
494,0,"[[54.0, 272.0], [73.0, 273.0], [74.0, 299.0], [56.0, 299.0]]",1.8969664095549408,-10.155662154195285
494,7,"[[481.0, 334.0], [481.0, 315.0], [499.0, 315.0], [499.0, 334.0]]",2.4202505248148554,-90.02299941704024
495,4,"[[619.0, 228.0], [645.0, 228.0], [643.0, 253.0], [618.0, 252.0]]",1.852569239513933,1.6556528501578318
495,0,"[[52.0, 264.0], [71.0, 265.0], [72.0, 290.0], [54.0, 290.0]]",1.975327753432176,-10.567615515444428
495,7,"[[482.0, 327.0], [482.0, 308.0], [500.0, 308.0], [500.0, 327.0]]",2.4212519493388185,-90.03259913033123
496,4,"[[602.0, 214.0], [628.0, 215.0], [627.0, 241.0], [600.0, 241.0]]",1.7622843239107346,0.8650277542717083
496,7,"[[458.0, 315.0], [458.0, 295.0], [477.0, 295.0], [477.0, 315.0]]",2.3020259844530324,-89.98059779055998
497,4,"[[605.0, 209.0], [632.0, 208.0], [631.0, 236.0], [604.0, 236.0]]",1.6992735505053767,2.2757764587622016
497,7,"[[460.0, 313.0], [461.0, 292.0], [479.0, 293.0], [479.0, 313.0]]",2.243987107071228,-88.60969459699841
498,4,"[[597.0, 231.0], [625.0, 231.0], [624.0, 260.0], [596.0, 261.0]]",1.581179424191735,-2.4057055270841783
498,7,"[[446.0, 343.0], [446.0, 321.0], [466.0, 322.0], [466.0, 343.0]]",2.1326668938052857,-89.99828178480881
499,4,"[[630.0, 210.0], [659.0, 208.0], [660.0, 237.0], [630.0, 239.0]]",1.6006447824317926,-1.4855845889180912
499,7,"[[476.0, 323.0], [477.0, 303.0], [497.0, 303.0], [497.0, 324.0]]",2.23751487249175,-88.3452265909558
500,4,"[[610.0, 216.0], [641.0, 216.0], [640.0, 246.0], [609.0, 246.0]]",1.527260823142398,1.6622971403471556
500,7,"[[451.0, 330.0], [451.0, 307.0], [472.0, 308.0], [472.0, 330.0]]",2.03923398871358,-89.97398112495095
501,4,"[[627.0, 226.0], [659.0, 227.0], [658.0, 258.0], [626.0, 258.0]]",1.4882197567878563,1.8528538127168896
501,7,"[[463.0, 344.0], [463.0, 321.0], [485.0, 323.0], [485.0, 345.0]]",1.9941132047210288,-89.82341240143423
502,4,"[[651.0, 239.0], [684.0, 239.0], [684.0, 270.0], [650.0, 271.0]]",1.4320636029493576,0.5676190869675797
502,7,"[[483.0, 360.0], [483.0, 337.0], [505.0, 338.0], [505.0, 361.0]]",1.980760894039871,-89.70963182476927
503,4,"[[665.0, 236.0], [699.0, 235.0], [698.0, 269.0], [663.0, 269.0]]",1.3800627295209134,1.5215947119461763
503,7,"[[489.0, 365.0], [489.0, 341.0], [511.0, 340.0], [512.0, 364.0]]",1.9116507896604866,-91.36487416053396
504,4,"[[651.0, 228.0], [686.0, 228.0], [685.0, 264.0], [648.0, 264.0]]",1.3009955239327464,2.8440395657734485
504,7,"[[466.0, 361.0], [466.0, 336.0], [490.0, 336.0], [489.0, 362.0]]",1.8004279761142608,-88.91125780862491
505,4,"[[643.0, 202.0], [681.0, 201.0], [681.0, 237.0], [642.0, 239.0]]",1.244724297892766,0.033781683582905744
505,7,"[[453.0, 344.0], [453.0, 319.0], [477.0, 318.0], [478.0, 344.0]]",1.8005005717596854,-91.06085777604781
506,4,"[[627.0, 234.0], [666.0, 232.0], [667.0, 272.0], [627.0, 273.0]]",1.1899523686904825,-0.23393718009832068
506,7,"[[430.0, 385.0], [430.0, 358.0], [456.0, 359.0], [456.0, 386.0]]",1.6907033604729433,-89.9046872963504
507,4,"[[663.0, 216.0], [706.0, 215.0], [705.0, 256.0], [662.0, 257.0]]",1.1235688489617748,0.8338242057855858
507,7,"[[454.0, 371.0], [455.0, 343.0], [481.0, 344.0], [481.0, 371.0]]",1.6692914341229332,-89.00332653983256
508,4,"[[653.0, 202.0], [697.0, 202.0], [696.0, 245.0], [651.0, 245.0]]",1.0845657508751543,1.9925788227087344
508,7,"[[435.0, 359.0], [436.0, 330.0], [463.0, 330.0], [462.0, 359.0]]",1.5787799080597729,-88.08381236987174
509,4,"[[659.0, 208.0], [705.0, 207.0], [703.0, 253.0], [657.0, 252.0]]",1.0451867292947703,2.602698492875086
509,7,"[[434.0, 367.0], [434.0, 338.0], [462.0, 338.0], [461.0, 368.0]]",1.5569847104837302,-89.06207090990898
510,4,"[[659.0, 208.0], [708.0, 208.0], [706.0, 256.0], [657.0, 255.0]]",0.9881795970200721,2.5252872069826564
510,7,"[[419.0, 374.0], [420.0, 344.0], [449.0, 345.0], [448.0, 376.0]]",1.5036874490895829,-88.06429280749242
511,4,"[[626.0, 216.0], [677.0, 217.0], [674.0, 267.0], [623.0, 264.0]]",0.935680790147858,3.6210538113569295
511,7,"[[372.0, 391.0], [373.0, 359.0], [403.0, 360.0], [403.0, 392.0]]",1.4405341821959772,-89.56304867750167
512,4,"[[585.0, 229.0], [639.0, 229.0], [639.0, 281.0], [584.0, 282.0]]",0.8640798844535549,0.47100819438331704
512,7,"[[321.0, 415.0], [321.0, 382.0], [354.0, 383.0], [354.0, 416.0]]",1.3906990474473135,-89.1535391809865
513,4,"[[562.0, 212.0], [618.0, 213.0], [617.0, 267.0], [561.0, 267.0]]",0.8383230536807418,1.253750474812033
513,7,"[[291.0, 407.0], [291.0, 373.0], [325.0, 373.0], [325.0, 408.0]]",1.348309607706085,-89.64974542456162
514,4,"[[550.0, 200.0], [608.0, 200.0], [606.0, 257.0], [548.0, 256.0]]",0.8067473751030346,1.8114953626266161
514,7,"[[273.0, 404.0], [273.0, 369.0], [308.0, 369.0], [307.0, 405.0]]",1.3184807053507313,-89.35112568516354
515,4,"[[519.0, 208.0], [581.0, 209.0], [580.0, 269.0], [518.0, 268.0]]",0.7514642836327362,1.2873535525861148
515,7,"[[227.0, 424.0], [227.0, 386.0], [264.0, 386.0], [264.0, 424.0]]",1.2466686103905302,-90.23328259237432
516,4,"[[512.0, 193.0], [579.0, 193.0], [578.0, 259.0], [511.0, 258.0]]",0.6962851349741244,1.0214901434702452
516,7,"[[205.0, 427.0], [205.0, 387.0], [244.0, 387.0], [244.0, 427.0]]",1.1906816788496166,-90.22848650694323
517,4,"[[507.0, 195.0], [577.0, 194.0], [577.0, 262.0], [507.0, 263.0]]",0.6658616461848905,-0.06035101992463238
517,7,"[[194.0, 441.0], [193.0, 400.0], [232.0, 399.0], [233.0, 440.0]]",1.1667204479225486,-91.8152976291999
518,4,"[[463.0, 193.0], [536.0, 194.0], [535.0, 266.0], [461.0, 265.0]]",0.6309513758551171,1.1603186275010948
518,7,"[[128.0, 448.0], [129.0, 406.0], [172.0, 406.0], [170.0, 449.0]]",1.1492766335793858,-89.21748391459053
519,4,"[[352.0, 209.0], [431.0, 208.0], [433.0, 284.0], [351.0, 285.0]]",0.5786031060158804,-0.9457733179561165
520,4,"[[282.0, 192.0], [369.0, 193.0], [369.0, 270.0], [280.0, 269.0]]",0.5408569160523955,-0.15240746418968815
521,4,"[[152.0, 164.0], [249.0, 167.0], [248.0, 250.0], [150.0, 250.0]]",0.5176484760546747,-0.7274173139282337
522,4,"[[6.0, 181.0], [111.0, 183.0], [109.0, 273.0], [3.0, 272.0]]",0.5250449251318605,-1.05410727243836
534,6,"[[312.0, 235.0], [321.0, 235.0], [321.0, 243.0], [312.0, 243.0]]",5.292814358262285,-0.8099756732829185
535,6,"[[326.0, 247.0], [335.0, 247.0], [335.0, 255.0], [326.0, 255.0]]",5.26275011300917,-0.6814199595015736
536,6,"[[365.0, 254.0], [373.0, 254.0], [373.0, 263.0], [365.0, 263.0]]",5.177624855117891,2.3253552297348037
538,6,"[[386.0, 229.0], [394.0, 229.0], [394.0, 238.0], [386.0, 238.0]]",5.194373725490002,3.0404383140114475
539,6,"[[395.0, 230.0], [404.0, 230.0], [404.0, 239.0], [395.0, 238.0]]",5.459621099351452,1.8670364444808407
540,6,"[[401.0, 239.0], [409.0, 239.0], [409.0, 248.0], [401.0, 248.0]]",5.176519339678413,2.89998935490921
549,6,"[[428.0, 227.0], [437.0, 227.0], [437.0, 236.0], [428.0, 236.0]]",5.155804755482747,0.17951803392780932
551,6,"[[438.0, 242.0], [447.0, 242.0], [447.0, 251.0], [438.0, 251.0]]",5.1445374084521465,0.16608080229506142
555,6,"[[492.0, 232.0], [502.0, 232.0], [502.0, 243.0], [492.0, 243.0]]",4.232658389170634,-2.9294605714261643
557,6,"[[501.0, 242.0], [512.0, 243.0], [512.0, 253.0], [501.0, 253.0]]",4.170066965401456,1.937107837457913
558,6,"[[493.0, 246.0], [504.0, 245.0], [503.0, 256.0], [493.0, 256.0]]",4.216736997780709,-0.648914660888565
559,6,"[[482.0, 248.0], [492.0, 248.0], [492.0, 260.0], [482.0, 259.0]]",4.015685797636174,6.462923244311154
562,6,"[[445.0, 232.0], [456.0, 232.0], [456.0, 243.0], [445.0, 243.0]]",4.2133840295604505,0.16389328401710024
565,6,"[[462.0, 248.0], [473.0, 248.0], [473.0, 260.0], [462.0, 260.0]]",3.8648371718000654,2.56585810670228
566,6,"[[464.0, 251.0], [476.0, 251.0], [477.0, 263.0], [465.0, 263.0]]",3.704290757480915,-1.6954302245467372
567,6,"[[461.0, 255.0], [473.0, 254.0], [473.0, 266.0], [461.0, 267.0]]",3.6959531653675164,-3.1879121625596816
568,6,"[[455.0, 270.0], [467.0, 270.0], [467.0, 283.0], [455.0, 282.0]]",3.664573954159596,3.827403539998688
569,6,"[[447.0, 258.0], [459.0, 257.0], [460.0, 270.0], [448.0, 270.0]]",3.6676179545636987,-0.712313385048445
571,6,"[[424.0, 250.0], [437.0, 249.0], [438.0, 262.0], [425.0, 263.0]]",3.5481663851225367,-4.23549675309213
572,6,"[[426.0, 267.0], [439.0, 265.0], [440.0, 279.0], [427.0, 279.0]]",3.531711942558335,-3.982353399969806
574,6,"[[461.0, 252.0], [475.0, 251.0], [475.0, 265.0], [462.0, 265.0]]",3.415889632450198,-1.7555926372360102
575,6,"[[472.0, 251.0], [486.0, 251.0], [487.0, 264.0], [473.0, 265.0]]",3.275312944326899,-2.6958285638513737
576,6,"[[475.0, 255.0], [489.0, 254.0], [490.0, 268.0], [475.0, 269.0]]",3.1591327498851767,-3.285432156580862
577,6,"[[467.0, 272.0], [481.0, 271.0], [482.0, 285.0], [468.0, 286.0]]",3.2877209448352795,-3.9575512145577405
580,6,"[[413.0, 256.0], [428.0, 255.0], [429.0, 270.0], [415.0, 271.0]]",3.1833671929491807,-4.207564244389453
581,6,"[[400.0, 277.0], [415.0, 276.0], [416.0, 291.0], [401.0, 292.0]]",3.0720448430160174,-3.6795709893234685
583,6,"[[438.0, 267.0], [454.0, 266.0], [455.0, 281.0], [439.0, 283.0]]",2.8583261577349575,-6.058384149405463
584,6,"[[439.0, 258.0], [455.0, 257.0], [456.0, 273.0], [440.0, 274.0]]",2.8817181056892363,-3.4245479012996283
585,6,"[[447.0, 263.0], [464.0, 262.0], [465.0, 278.0], [448.0, 279.0]]",2.71405821321667,-3.4523889816347633
586,6,"[[448.0, 262.0], [465.0, 260.0], [466.0, 276.0], [449.0, 278.0]]",2.673686188421116,-6.04061496329998
587,6,"[[457.0, 240.0], [474.0, 239.0], [475.0, 256.0], [458.0, 257.0]]",2.717953670935416,-3.22574946875718
588,6,"[[447.0, 263.0], [465.0, 262.0], [466.0, 279.0], [448.0, 280.0]]",2.563634043750672,-3.259136030891137
589,6,"[[425.0, 257.0], [443.0, 256.0], [444.0, 274.0], [426.0, 275.0]]",2.563229283934901,-3.0244347075583704
592,6,"[[432.0, 245.0], [452.0, 244.0], [453.0, 263.0], [433.0, 264.0]]",2.313587120729983,-2.9949940788813296
593,6,"[[442.0, 261.0], [462.0, 259.0], [463.0, 279.0], [444.0, 281.0]]",2.2886002385140514,-7.2195136979753265
594,6,"[[442.0, 264.0], [462.0, 263.0], [463.0, 284.0], [443.0, 285.0]]",2.198814224158585,-1.420305650876106
595,6,"[[421.0, 284.0], [443.0, 283.0], [444.0, 303.0], [423.0, 305.0]]",2.142707246489847,-4.1969309902977
596,6,"[[377.0, 284.0], [400.0, 283.0], [401.0, 305.0], [379.0, 306.0]]",2.0550862743974605,-2.508559923272306
597,6,"[[367.0, 283.0], [390.0, 281.0], [392.0, 303.0], [369.0, 305.0]]",2.0180756745395345,-5.291960187226577
598,6,"[[365.0, 285.0], [388.0, 283.0], [390.0, 306.0], [367.0, 308.0]]",2.0037026554260335,-4.859686140069686
599,6,"[[370.0, 281.0], [394.0, 279.0], [396.0, 302.0], [372.0, 304.0]]",1.9334038750040843,-5.072311567695795
600,6,"[[371.0, 278.0], [396.0, 276.0], [398.0, 300.0], [373.0, 303.0]]",1.840249783203504,-6.642592664645182
601,6,"[[373.0, 283.0], [399.0, 280.0], [401.0, 306.0], [375.0, 308.0]]",1.7691526666897381,-5.389284322840447
602,6,"[[360.0, 299.0], [387.0, 297.0], [389.0, 323.0], [362.0, 325.0]]",1.7216521391712563,-4.490734244401933
603,6,"[[367.0, 282.0], [394.0, 280.0], [396.0, 308.0], [369.0, 309.0]]",1.6762651744555581,-2.6132647075614215
604,6,"[[362.0, 291.0], [390.0, 289.0], [392.0, 316.0], [364.0, 318.0]]",1.6600065764185143,-4.355874673977613
605,6,"[[352.0, 292.0], [381.0, 291.0], [383.0, 319.0], [354.0, 321.0]]",1.6020112748396373,-3.525536364558183
606,6,"[[362.0, 295.0], [391.0, 291.0], [394.0, 321.0], [365.0, 323.0]]",1.5809163638927042,-5.708880188649789
607,6,"[[360.0, 294.0], [390.0, 291.0], [393.0, 321.0], [362.0, 323.0]]",1.5209822467487175,-4.98580990480476
608,6,"[[394.0, 297.0], [425.0, 295.0], [427.0, 325.0], [397.0, 328.0]]",1.5026271438070262,-5.321522055372542
609,6,"[[415.0, 289.0], [447.0, 288.0], [447.0, 320.0], [416.0, 321.0]]",1.4340728833150262,-2.608785978719572
610,6,"[[434.0, 287.0], [467.0, 285.0], [468.0, 319.0], [437.0, 320.0]]",1.3707704748193974,-1.6715774706911077
611,6,"[[439.0, 314.0], [473.0, 312.0], [474.0, 347.0], [440.0, 348.0]]",1.3264744894971097,-2.289876679656769
612,6,"[[441.0, 315.0], [476.0, 313.0], [478.0, 348.0], [443.0, 350.0]]",1.3113585497627072,-3.2200752041247465
613,6,"[[437.0, 296.0], [473.0, 293.0], [476.0, 329.0], [440.0, 331.0]]",1.2730550743408426,-3.7395604994422817
614,6,"[[431.0, 291.0], [468.0, 288.0], [471.0, 325.0], [434.0, 328.0]]",1.2399377043114532,-4.5386154730999815
615,6,"[[428.0, 286.0], [466.0, 283.0], [469.0, 320.0], [431.0, 323.0]]",1.2106733808216814,-4.588525612558487
616,6,"[[423.0, 288.0], [462.0, 284.0], [465.0, 323.0], [426.0, 326.0]]",1.1744835078400844,-4.991497878945157
617,6,"[[435.0, 285.0], [476.0, 282.0], [479.0, 323.0], [439.0, 326.0]]",1.1177418951800793,-3.7214458325093607
618,6,"[[487.0, 290.0], [530.0, 286.0], [534.0, 328.0], [491.0, 332.0]]",1.0684625396824872,-5.261981313670298
619,6,"[[534.0, 281.0], [579.0, 277.0], [582.0, 321.0], [537.0, 325.0]]",1.0242796209971794,-4.62893647053386
620,6,"[[550.0, 269.0], [596.0, 265.0], [599.0, 312.0], [553.0, 315.0]]",0.9935092821460513,-3.404547683774042
621,6,"[[593.0, 268.0], [643.0, 264.0], [646.0, 312.0], [596.0, 315.0]]",0.9407508219943305,-3.562482876103385
622,6,"[[633.0, 268.0], [685.0, 264.0], [688.0, 314.0], [636.0, 317.0]]",0.9176015035920129,-3.3288387604490306
623,6,"[[765.0, 249.0], [825.0, 246.0], [826.0, 301.0], [768.0, 303.0]]",0.870520178379514,-0.8311643649617388
655,0,"[[492.0, 289.0], [500.0, 288.0], [500.0, 296.0], [492.0, 297.0]]",5.416551126212485,-5.8804173752925974
656,0,"[[495.0, 280.0], [503.0, 279.0], [504.0, 287.0], [495.0, 288.0]]",5.342065581501014,-6.07689045370241
660,0,"[[530.0, 247.0], [539.0, 247.0], [539.0, 256.0], [530.0, 256.0]]",5.1501995842857475,0.0312173295345766
661,0,"[[537.0, 251.0], [546.0, 251.0], [546.0, 260.0], [537.0, 260.0]]",5.149886484684757,0.020867162927885496
665,0,"[[509.0, 260.0], [519.0, 259.0], [519.0, 269.0], [510.0, 270.0]]",4.573309458070017,-7.522160507314085
668,0,"[[544.0, 263.0], [554.0, 263.0], [555.0, 272.0], [545.0, 273.0]]",4.574363345210225,-3.2796948669875987
669,0,"[[550.0, 266.0], [559.0, 266.0], [560.0, 275.0], [551.0, 276.0]]",4.805481598855275,-4.542461114373461
671,0,"[[540.0, 283.0], [551.0, 282.0], [551.0, 292.0], [541.0, 293.0]]",4.3600818273361215,-5.614264550496731
674,0,"[[508.0, 278.0], [519.0, 277.0], [519.0, 287.0], [509.0, 288.0]]",4.345277309778849,-5.765219146143323
675,0,"[[514.0, 288.0], [525.0, 288.0], [525.0, 298.0], [515.0, 299.0]]",4.378557962158386,-3.086960551671807
676,0,"[[527.0, 271.0], [538.0, 270.0], [539.0, 281.0], [527.0, 282.0]]",3.9835419377773182,-4.219268915594887
677,11,"[[413.0, 495.0], [424.0, 490.0], [439.0, 492.0], [428.0, 497.0]]",2.506192093177059,-31.393288960143632
677,0,"[[530.0, 262.0], [541.0, 262.0], [541.0, 273.0], [530.0, 273.0]]",4.206558327009081,0.00626222915385098
678,0,"[[539.0, 262.0], [550.0, 261.0], [551.0, 272.0], [539.0, 273.0]]",3.994653369631816,-4.083392438069666
679,0,"[[538.0, 277.0], [549.0, 276.0], [550.0, 287.0], [538.0, 288.0]]",3.987139168543012,-4.255840357640687
680,0,"[[537.0, 273.0], [548.0, 272.0], [549.0, 284.0], [538.0, 285.0]]",3.844200674062211,-6.615215010328235
681,0,"[[517.0, 271.0], [529.0, 270.0], [530.0, 282.0], [518.0, 283.0]]",3.837082274331986,-4.764803086594418
682,0,"[[506.0, 263.0], [518.0, 262.0], [519.0, 274.0], [507.0, 275.0]]",3.8388296172802527,-4.737639697671262
683,11,"[[388.0, 536.0], [399.0, 529.0], [416.0, 530.0], [405.0, 537.0]]",2.3104815537317442,-39.2837973835758
683,0,"[[503.0, 267.0], [515.0, 266.0], [516.0, 278.0], [504.0, 279.0]]",3.8370420104131986,-4.741382433628272
684,0,"[[495.0, 278.0], [506.0, 276.0], [508.0, 288.0], [496.0, 289.0]]",3.9687490712237197,-7.13391372393553
685,0,"[[523.0, 281.0], [535.0, 280.0], [536.0, 292.0], [524.0, 294.0]]",3.6483914719253083,-8.00563975242451
686,0,"[[513.0, 265.0], [525.0, 264.0], [526.0, 277.0], [514.0, 278.0]]",3.549528654531555,-6.416802281079696
687,11,"[[368.0, 557.0], [381.0, 549.0], [401.0, 551.0], [389.0, 559.0]]",1.9739089195583166,-17.216322250709855
687,0,"[[501.0, 259.0], [513.0, 258.0], [514.0, 271.0], [502.0, 272.0]]",3.551385207829449,-6.621045302226448
688,11,"[[348.0, 561.0], [361.0, 553.0], [382.0, 555.0], [369.0, 564.0]]",1.9315185725109272,-18.515280444272623
688,0,"[[484.0, 255.0], [498.0, 254.0], [499.0, 267.0], [486.0, 268.0]]",3.3825755484443683,-3.359939426188213
689,11,"[[335.0, 593.0], [349.0, 583.0], [371.0, 585.0], [357.0, 595.0]]",1.8419215137499876,-41.61597737107602
689,0,"[[467.0, 265.0], [480.0, 263.0], [482.0, 277.0], [468.0, 279.0]]",3.2497980452136415,-7.028411041812388
690,11,"[[330.0, 597.0], [346.0, 586.0], [367.0, 587.0], [352.0, 599.0]]",1.7974998430608664,-23.510045576532278
690,0,"[[458.0, 260.0], [472.0, 258.0], [473.0, 272.0], [460.0, 274.0]]",3.2516178887260856,-9.950303294133352
691,0,"[[446.0, 253.0], [460.0, 251.0], [462.0, 265.0], [448.0, 267.0]]",3.268783218827652,-7.981765033230278
692,11,"[[312.0, 605.0], [327.0, 593.0], [350.0, 594.0], [335.0, 606.0]]",1.7497074371226722,-43.24135047308036
692,0,"[[440.0, 255.0], [453.0, 253.0], [455.0, 267.0], [442.0, 269.0]]",3.2757331123567073,-6.623930648506765
693,11,"[[306.0, 624.0], [323.0, 612.0], [347.0, 614.0], [331.0, 626.0]]",1.6486943506439666,-19.03301395889843
693,0,"[[443.0, 264.0], [456.0, 262.0], [459.0, 277.0], [444.0, 279.0]]",3.0551780308936056,-6.374952769262286
694,11,"[[322.0, 605.0], [339.0, 593.0], [364.0, 595.0], [346.0, 608.0]]",1.598999929386734,-21.113947315625044
694,0,"[[467.0, 238.0], [481.0, 236.0], [483.0, 250.0], [468.0, 252.0]]",3.1461714789094,-7.143081470291343
695,11,"[[304.0, 599.0], [322.0, 586.0], [346.0, 589.0], [329.0, 602.0]]",1.6057171212939627,-24.22737288272343
695,0,"[[455.0, 227.0], [470.0, 225.0], [472.0, 240.0], [457.0, 242.0]]",3.064046033895569,-7.4449550726592575
696,11,"[[305.0, 616.0], [324.0, 602.0], [349.0, 605.0], [331.0, 619.0]]",1.5379604092071977,-23.573921050047456
696,0,"[[465.0, 228.0], [480.0, 226.0], [482.0, 241.0], [467.0, 243.0]]",3.0637762473062846,-7.457985845937274
697,11,"[[307.0, 621.0], [327.0, 607.0], [353.0, 611.0], [333.0, 626.0]]",1.4831186306136588,-22.115676814143914
697,0,"[[473.0, 227.0], [489.0, 225.0], [490.0, 241.0], [475.0, 242.0]]",2.971291111365689,-5.033482660194548
698,11,"[[296.0, 649.0], [316.0, 634.0], [344.0, 638.0], [325.0, 653.0]]",1.4284000899272429,-19.73274959217687
698,0,"[[470.0, 238.0], [485.0, 237.0], [487.0, 252.0], [472.0, 254.0]]",2.955479342024856,-7.421881947386255
699,11,"[[299.0, 666.0], [320.0, 650.0], [348.0, 655.0], [329.0, 671.0]]",1.4071940442531292,-19.980014662422096
699,0,"[[481.0, 247.0], [497.0, 245.0], [499.0, 261.0], [483.0, 262.0]]",2.856042751777371,-4.411230682012972
700,11,"[[296.0, 666.0], [319.0, 649.0], [347.0, 655.0], [323.0, 672.0]]",1.3663048972632148,-40.290283300635245
700,0,"[[488.0, 237.0], [504.0, 235.0], [506.0, 251.0], [490.0, 252.0]]",2.8593971427657925,-4.259305154268327
701,11,"[[266.0, 701.0], [290.0, 683.0], [320.0, 689.0], [297.0, 708.0]]",1.3183303019452506,-19.03722183180212
701,0,"[[475.0, 249.0], [491.0, 248.0], [493.0, 264.0], [476.0, 265.0]]",2.776863142045693,-4.042317163312762
702,0,"[[481.0, 248.0], [498.0, 245.0], [500.0, 262.0], [484.0, 264.0]]",2.764879071662709,-8.01754742819556
703,0,"[[478.0, 264.0], [495.0, 263.0], [497.0, 280.0], [480.0, 281.0]]",2.630987374664557,-4.485570108347976
704,0,"[[502.0, 258.0], [520.0, 256.0], [521.0, 273.0], [504.0, 274.0]]",2.6315626165465993,-4.529293489466645
705,0,"[[507.0, 250.0], [525.0, 248.0], [527.0, 266.0], [509.0, 268.0]]",2.5554619601784756,-6.30129495116332
706,0,"[[510.0, 247.0], [528.0, 245.0], [529.0, 264.0], [511.0, 265.0]]",2.489098571091241,-3.0237220363830732
707,0,"[[511.0, 249.0], [529.0, 248.0], [530.0, 266.0], [512.0, 268.0]]",2.4882023445725676,-5.861288205019872
708,0,"[[514.0, 252.0], [533.0, 251.0], [534.0, 269.0], [515.0, 270.0]]",2.435292795217814,-2.817349831151254
709,0,"[[514.0, 263.0], [533.0, 262.0], [534.0, 280.0], [515.0, 282.0]]",2.419728576118961,-4.734415628575168
710,4,"[[793.0, 154.0], [803.0, 150.0], [802.0, 185.0], [792.0, 188.0]]",1.4537591373291037,127.19993405540792
710,0,"[[488.0, 240.0], [507.0, 239.0], [508.0, 259.0], [489.0, 260.0]]",2.3189649524089044,-4.773384875073289
711,0,"[[476.0, 252.0], [495.0, 250.0], [497.0, 269.0], [477.0, 271.0]]",2.3475114474188854,-5.2838780456160634
712,4,"[[773.0, 157.0], [785.0, 152.0], [785.0, 189.0], [774.0, 192.0]]",1.3797378301676706,106.02732777999124
712,0,"[[458.0, 249.0], [478.0, 248.0], [479.0, 268.0], [459.0, 270.0]]",2.2408603225618084,-5.691626304746739
713,4,"[[775.0, 144.0], [787.0, 140.0], [788.0, 179.0], [776.0, 182.0]]",1.2989783913081028,105.59037602325604
713,0,"[[451.0, 248.0], [472.0, 246.0], [473.0, 267.0], [453.0, 269.0]]",2.1852855983654424,-6.990130450364358
714,0,"[[451.0, 240.0], [473.0, 238.0], [474.0, 258.0], [453.0, 261.0]]",2.121173292729507,-7.465599114127975
715,0,"[[465.0, 220.0], [487.0, 218.0], [488.0, 240.0], [466.0, 241.0]]",2.0958622197439767,-3.1752084605250204
716,0,"[[491.0, 212.0], [514.0, 210.0], [515.0, 234.0], [492.0, 235.0]]",1.975097616275915,-1.8165366942355612
717,4,"[[915.0, 84.0], [935.0, 75.0], [935.0, 126.0], [913.0, 132.0]]",1.0945278705414314,122.46613080741045
717,0,"[[499.0, 209.0], [523.0, 207.0], [524.0, 231.0], [500.0, 232.0]]",1.9301315016142688,-2.6795311200859158
718,0,"[[501.0, 231.0], [525.0, 230.0], [526.0, 254.0], [502.0, 255.0]]",1.9298544495663135,-2.319167031728155
719,0,"[[495.0, 224.0], [521.0, 223.0], [522.0, 248.0], [496.0, 250.0]]",1.7779293396640143,-3.594675543280735
720,0,"[[495.0, 224.0], [521.0, 223.0], [522.0, 248.0], [496.0, 250.0]]",1.7779293396640143,-3.594675543280735
721,0,"[[493.0, 224.0], [520.0, 222.0], [521.0, 248.0], [495.0, 250.0]]",1.7409967595567735,-4.49727879336872
722,0,"[[492.0, 240.0], [519.0, 238.0], [521.0, 265.0], [494.0, 267.0]]",1.7098413041385205,-4.173972456981573
723,0,"[[526.0, 232.0], [554.0, 230.0], [555.0, 258.0], [527.0, 260.0]]",1.6352756030941968,-2.5842596282254737
724,0,"[[532.0, 232.0], [561.0, 230.0], [563.0, 259.0], [534.0, 261.0]]",1.5968928232314168,-3.9136446176799247
725,0,"[[540.0, 230.0], [570.0, 228.0], [572.0, 257.0], [542.0, 259.0]]",1.5500319299444827,-3.4820528725704087
726,0,"[[555.0, 230.0], [586.0, 228.0], [587.0, 259.0], [556.0, 261.0]]",1.4931205251049988,-2.0048218146217724
727,0,"[[544.0, 232.0], [577.0, 229.0], [579.0, 261.0], [546.0, 264.0]]",1.4043635294808696,-4.156407562889011
728,0,"[[508.0, 241.0], [541.0, 240.0], [543.0, 272.0], [509.0, 274.0]]",1.3808869247103115,-2.3439175821350844
729,0,"[[482.0, 233.0], [517.0, 231.0], [519.0, 265.0], [484.0, 267.0]]",1.321314236215446,-3.149543808633355
730,0,"[[454.0, 247.0], [490.0, 244.0], [492.0, 279.0], [456.0, 282.0]]",1.2736416314452734,-4.194925307953197
731,0,"[[450.0, 254.0], [486.0, 251.0], [489.0, 287.0], [453.0, 290.0]]",1.2781648742997014,-4.648302912185647
732,0,"[[454.0, 254.0], [492.0, 252.0], [495.0, 289.0], [457.0, 292.0]]",1.2091731492183322,-4.099049916479381
733,0,"[[432.0, 253.0], [471.0, 251.0], [474.0, 289.0], [435.0, 292.0]]",1.1798752520896914,-4.075144142117731
734,0,"[[445.0, 242.0], [485.0, 239.0], [488.0, 278.0], [448.0, 281.0]]",1.1531146075302139,-4.301856857308293
735,0,"[[453.0, 240.0], [494.0, 238.0], [497.0, 280.0], [455.0, 282.0]]",1.0987505530225368,-3.521480435674717
736,0,"[[453.0, 240.0], [494.0, 238.0], [497.0, 280.0], [455.0, 282.0]]",1.0987505530225368,-3.521480435674717
737,0,"[[426.0, 245.0], [471.0, 243.0], [473.0, 286.0], [429.0, 289.0]]",1.037206096192681,-3.4858648219509996
738,0,"[[391.0, 216.0], [436.0, 214.0], [440.0, 258.0], [394.0, 261.0]]",1.0178520245506426,-4.003128128409621
739,0,"[[360.0, 230.0], [407.0, 228.0], [408.0, 274.0], [361.0, 276.0]]",0.9850293785163996,-2.1519574252039226
740,0,"[[299.0, 228.0], [350.0, 224.0], [355.0, 272.0], [304.0, 277.0]]",0.9255852277489538,-5.932997774749696
741,0,"[[286.0, 204.0], [340.0, 199.0], [345.0, 251.0], [292.0, 255.0]]",0.8879773840017926,-5.917533829186528
742,0,"[[275.0, 194.0], [330.0, 191.0], [335.0, 244.0], [280.0, 248.0]]",0.8691647085854299,-5.254182366295879
743,0,"[[270.0, 194.0], [328.0, 191.0], [331.0, 247.0], [274.0, 251.0]]",0.8257997545516569,-6.12203972426913
744,0,"[[265.0, 220.0], [323.0, 216.0], [330.0, 273.0], [272.0, 278.0]]",0.8112828089028804,-6.9550298984726115
745,0,"[[228.0, 206.0], [291.0, 203.0], [295.0, 262.0], [233.0, 265.0]]",0.7788633245694292,-4.351362315678059
746,0,"[[192.0, 195.0], [258.0, 194.0], [262.0, 255.0], [196.0, 258.0]]",0.7516243235119063,-3.7102008815676575
747,0,"[[167.0, 190.0], [234.0, 188.0], [239.0, 253.0], [171.0, 255.0]]",0.7427693243071971,-3.6442373376059334
748,0,"[[140.0, 188.0], [212.0, 187.0], [217.0, 255.0], [146.0, 257.0]]",0.7097534536355828,-2.748935532782353
749,0,"[[139.0, 182.0], [212.0, 180.0], [218.0, 247.0], [146.0, 250.0]]",0.7043194502414958,-4.196510968383398
750,0,"[[61.0, 158.0], [143.0, 157.0], [147.0, 231.0], [67.0, 233.0]]",0.665054423794084,-5.8592449293960644
757,7,"[[825.0, 313.0], [820.0, 262.0], [876.0, 255.0], [882.0, 307.0]]",0.9455517461046592,-92.5762934212167
758,7,"[[711.0, 269.0], [708.0, 217.0], [762.0, 211.0], [764.0, 263.0]]",0.9084649290418935,-97.77829625043243
759,7,"[[692.0, 266.0], [689.0, 215.0], [742.0, 209.0], [745.0, 261.0]]",0.9182751036098898,-92.25768874283266
760,7,"[[619.0, 243.0], [619.0, 193.0], [672.0, 188.0], [672.0, 240.0]]",0.8891040134032963,-87.92771688588749
761,7,"[[572.0, 270.0], [570.0, 220.0], [621.0, 215.0], [622.0, 266.0]]",0.9418857267518029,-94.0514705807422
762,7,"[[512.0, 271.0], [509.0, 222.0], [558.0, 217.0], [562.0, 267.0]]",0.9283503542598326,-93.64532194123997
763,7,"[[396.0, 253.0], [392.0, 203.0], [442.0, 199.0], [445.0, 249.0]]",0.9266545019412724,-93.36765392136064
764,7,"[[349.0, 267.0], [346.0, 216.0], [396.0, 213.0], [399.0, 263.0]]",0.9184643785439569,-92.13408321634284
765,7,"[[320.0, 276.0], [315.0, 225.0], [367.0, 221.0], [371.0, 271.0]]",0.9092210333924078,-92.90426588139506
766,7,"[[319.0, 279.0], [313.0, 227.0], [365.0, 223.0], [369.0, 274.0]]",0.9051598668746041,-94.19005790279074
767,7,"[[333.0, 280.0], [328.0, 227.0], [380.0, 223.0], [385.0, 275.0]]",0.8869490585647583,-94.5992592701644
768,7,"[[361.0, 281.0], [356.0, 228.0], [410.0, 224.0], [415.0, 277.0]]",0.8612611821059204,-95.56015024516651
769,7,"[[398.0, 279.0], [392.0, 225.0], [446.0, 220.0], [451.0, 274.0]]",0.857342016451876,-95.53046446419901
770,7,"[[452.0, 284.0], [448.0, 228.0], [503.0, 224.0], [507.0, 280.0]]",0.8267685137156475,-94.18261090398228
771,7,"[[472.0, 262.0], [469.0, 204.0], [526.0, 200.0], [529.0, 258.0]]",0.8090550359619155,-93.62549928250054
772,7,"[[501.0, 274.0], [498.0, 213.0], [556.0, 209.0], [559.0, 270.0]]",0.762367010346347,-93.45131804374323
773,7,"[[509.0, 279.0], [506.0, 216.0], [566.0, 213.0], [569.0, 275.0]]",0.7437724277480181,-93.28051061092488
774,7,"[[516.0, 279.0], [513.0, 215.0], [575.0, 211.0], [578.0, 274.0]]",0.7301547376251645,-93.67062290967112
775,7,"[[528.0, 260.0], [528.0, 188.0], [593.0, 186.0], [592.0, 257.0]]",0.6546630030619138,-90.78324138679488
776,7,"[[548.0, 284.0], [544.0, 215.0], [610.0, 210.0], [613.0, 278.0]]",0.6790391733615797,-94.17607068149772
777,7,"[[547.0, 258.0], [543.0, 188.0], [611.0, 182.0], [614.0, 252.0]]",0.6681521571672625,-94.50373607469955
778,7,"[[533.0, 262.0], [528.0, 185.0], [599.0, 179.0], [603.0, 255.0]]",0.6119917213947007,-94.53797766879006
779,7,"[[540.0, 266.0], [535.0, 187.0], [608.0, 182.0], [612.0, 258.0]]",0.6031439851877843,-94.53876564722961
780,7,"[[568.0, 284.0], [563.0, 201.0], [640.0, 196.0], [642.0, 278.0]]",0.5682125544657869,-93.6689491393033
781,7,"[[639.0, 319.0], [636.0, 229.0], [719.0, 223.0], [721.0, 311.0]]",0.5289398524738623,-93.81850695587477
782,7,"[[638.0, 325.0], [637.0, 232.0], [722.0, 229.0], [722.0, 319.0]]",0.5151270253359145,-92.22077879562228
783,7,"[[644.0, 334.0], [642.0, 240.0], [728.0, 235.0], [728.0, 327.0]]",0.5062599753672073,-92.7793236709739
784,7,"[[641.0, 327.0], [640.0, 232.0], [725.0, 227.0], [726.0, 320.0]]",0.5016218340291765,-92.7553164164892
785,7,"[[640.0, 316.0], [639.0, 218.0], [726.0, 213.0], [726.0, 309.0]]",0.48730873161635396,-92.59347527328285
786,7,"[[671.0, 314.0], [669.0, 213.0], [759.0, 208.0], [758.0, 306.0]]",0.47876975950893175,-92.92869425777889
787,7,"[[688.0, 297.0], [688.0, 195.0], [779.0, 190.0], [777.0, 290.0]]",0.4760950891127815,-92.61951265464087
788,7,"[[710.0, 290.0], [710.0, 182.0], [805.0, 177.0], [802.0, 282.0]]",0.4558173528130523,-92.7681445456107
789,7,"[[683.0, 302.0], [682.0, 192.0], [778.0, 186.0], [777.0, 292.0]]",0.4440965993726511,-93.28158418253656
790,7,"[[668.0, 333.0], [669.0, 219.0], [767.0, 215.0], [763.0, 325.0]]",0.4243368373376131,-91.5466095081077
791,7,"[[687.0, 335.0], [690.0, 218.0], [789.0, 214.0], [785.0, 326.0]]",0.41676715477087056,-91.52858582303573
792,7,"[[715.0, 335.0], [717.0, 214.0], [819.0, 210.0], [815.0, 326.0]]",0.4071946550928073,-91.83195385430028
793,7,"[[719.0, 331.0], [722.0, 210.0], [825.0, 206.0], [820.0, 323.0]]",0.4064710295745265,-91.5583424573492
794,7,"[[738.0, 332.0], [740.0, 206.0], [848.0, 201.0], [843.0, 323.0]]",0.39300820816682525,-92.07089764638624
795,7,"[[738.0, 332.0], [741.0, 205.0], [848.0, 201.0], [843.0, 323.0]]",0.39151782993107154,-91.79187888589585
796,7,"[[755.0, 338.0], [758.0, 207.0], [871.0, 202.0], [865.0, 328.0]]",0.3810983089528751,-92.08977971746205
797,7,"[[787.0, 323.0], [793.0, 182.0], [915.0, 178.0], [905.0, 314.0]]",0.36052845223862995,-91.57765755701473
835,8,"[[540.0, 23.0], [638.0, 18.0], [628.0, 128.0], [528.0, 127.0]]",0.4547066306009455,7.745010228521445
836,8,"[[491.0, 19.0], [591.0, 13.0], [583.0, 122.0], [483.0, 124.0]]",0.4514990053199536,5.409149512793874
837,8,"[[400.0, 22.0], [494.0, 17.0], [490.0, 126.0], [396.0, 126.0]]",0.46171882141994824,5.919026437587189
838,8,"[[294.0, 43.0], [387.0, 43.0], [382.0, 150.0], [289.0, 146.0]]",0.46733916539575554,6.385024146590688
839,8,"[[269.0, 31.0], [363.0, 31.0], [359.0, 138.0], [266.0, 135.0]]",0.47050811916046253,5.878204775705179
840,8,"[[261.0, 29.0], [355.0, 28.0], [353.0, 135.0], [258.0, 133.0]]",0.4710146294292416,4.870205992840146
840,1,"[[846.0, 179.0], [864.0, 180.0], [861.0, 195.0], [844.0, 194.0]]",3.085768165845524,7.102535848840012
841,8,"[[246.0, 27.0], [343.0, 29.0], [338.0, 139.0], [243.0, 135.0]]",0.45838097991250804,6.579812411808175
855,1,"[[416.0, 89.0], [430.0, 89.0], [430.0, 103.0], [416.0, 103.0]]",3.4081935462799566,0.27155049600956405
936,9,"[[405.0, 19.0], [461.0, 16.0], [468.0, 78.0], [412.0, 81.0]]",0.8065793033724088,-10.203007683418598
937,9,"[[388.0, 53.0], [447.0, 51.0], [453.0, 112.0], [393.0, 115.0]]",0.7916045787409296,-6.0106216567113195
938,9,"[[393.0, 30.0], [455.0, 29.0], [458.0, 92.0], [396.0, 93.0]]",0.776742616873466,-2.7439781757215718
939,9,"[[404.0, 20.0], [468.0, 19.0], [471.0, 84.0], [408.0, 85.0]]",0.7573740585676229,-3.3688296711303307
940,9,"[[389.0, 51.0], [452.0, 52.0], [455.0, 119.0], [392.0, 120.0]]",0.7254200189722807,-5.907258601271909
941,9,"[[379.0, 65.0], [444.0, 64.0], [448.0, 131.0], [384.0, 134.0]]",0.7202253665360151,-6.331991819780069
942,9,"[[368.0, 91.0], [435.0, 89.0], [439.0, 156.0], [374.0, 160.0]]",0.7112062555333328,-5.843246604027178
943,9,"[[377.0, 97.0], [446.0, 94.0], [451.0, 163.0], [384.0, 167.0]]",0.6892196399988411,-5.757874654710405
944,9,"[[396.0, 60.0], [468.0, 58.0], [474.0, 131.0], [404.0, 135.0]]",0.6529320930254614,-6.661999620035037
945,9,"[[410.0, 82.0], [484.0, 79.0], [488.0, 158.0], [414.0, 162.0]]",0.6112026666607235,-7.116271473062912
946,9,"[[402.0, 125.0], [478.0, 125.0], [481.0, 205.0], [405.0, 206.0]]",0.5906384575253236,-4.174566293944405
947,9,"[[416.0, 178.0], [495.0, 177.0], [497.0, 259.0], [420.0, 261.0]]",0.566954463750059,-3.9086386418989925
948,9,"[[434.0, 170.0], [516.0, 168.0], [519.0, 251.0], [438.0, 255.0]]",0.5571018485551148,-3.938055879292918
949,9,"[[419.0, 157.0], [504.0, 154.0], [507.0, 240.0], [424.0, 245.0]]",0.5399203835882812,-4.9637904656531875
950,9,"[[370.0, 92.0], [463.0, 88.0], [470.0, 183.0], [378.0, 191.0]]",0.49550964446481915,-7.453147359281148
951,9,"[[332.0, 100.0], [428.0, 96.0], [436.0, 193.0], [341.0, 202.0]]",0.4821578940715294,-7.951983138931613
952,9,"[[240.0, 68.0], [347.0, 64.0], [359.0, 168.0], [254.0, 179.0]]",0.45523099095294156,-8.671116689024347
953,9,"[[147.0, 61.0], [266.0, 55.0], [281.0, 172.0], [165.0, 186.0]]",0.41505935658468285,-13.138235219560105
954,9,"[[45.0, 124.0], [178.0, 115.0], [195.0, 235.0], [67.0, 255.0]]",0.3954888413464717,-14.06927446457151
974,8,"[[406.0, 105.0], [427.0, 103.0], [428.0, 122.0], [409.0, 125.0]]",2.345350525186408,-8.97407841912753
976,8,"[[354.0, 160.0], [374.0, 157.0], [376.0, 176.0], [356.0, 179.0]]",2.315355939994896,-7.684486194232255
978,8,"[[298.0, 201.0], [319.0, 200.0], [322.0, 218.0], [302.0, 222.0]]",2.303574273030287,-9.394164472418725
980,8,"[[222.0, 292.0], [244.0, 288.0], [246.0, 308.0], [225.0, 312.0]]",2.192667595618259,-13.182887780302327
981,8,"[[176.0, 336.0], [199.0, 333.0], [201.0, 353.0], [180.0, 357.0]]",2.2406730633766805,-10.414927221367119
982,8,"[[163.0, 378.0], [187.0, 374.0], [189.0, 394.0], [167.0, 398.0]]",2.1707148652574673,-10.238225983088359
983,8,"[[137.0, 387.0], [162.0, 384.0], [165.0, 403.0], [142.0, 408.0]]",2.1215661512721162,-9.643456523789075
984,8,"[[134.0, 375.0], [157.0, 371.0], [162.0, 392.0], [138.0, 396.0]]",2.161261913792177,-10.270621567652093
985,8,"[[136.0, 356.0], [160.0, 352.0], [164.0, 373.0], [141.0, 377.0]]",2.1575940777194016,-10.281931190136879
986,8,"[[131.0, 337.0], [155.0, 334.0], [159.0, 356.0], [136.0, 360.0]]",2.1104300029241685,-10.595334599469295
987,8,"[[134.0, 369.0], [159.0, 365.0], [164.0, 385.0], [140.0, 391.0]]",2.060227422226814,-12.529639795592637
988,8,"[[160.0, 394.0], [184.0, 388.0], [190.0, 410.0], [166.0, 415.0]]",2.05509621121985,-13.081598292596132
989,8,"[[190.0, 345.0], [214.0, 340.0], [219.0, 362.0], [195.0, 367.0]]",2.032416956603489,-12.675072143059428
990,8,"[[189.0, 361.0], [213.0, 356.0], [218.0, 379.0], [194.0, 384.0]]",2.029517012387289,-12.214116276034627
991,8,"[[186.0, 402.0], [211.0, 397.0], [215.0, 420.0], [191.0, 425.0]]",2.0047521082381725,-11.43841463428566
992,8,"[[162.0, 422.0], [189.0, 415.0], [193.0, 437.0], [168.0, 445.0]]",1.8713333886010224,-16.264900207691795
993,8,"[[178.0, 420.0], [205.0, 415.0], [210.0, 436.0], [184.0, 442.0]]",1.860251218176536,-11.481959437040961
994,8,"[[186.0, 431.0], [212.0, 426.0], [217.0, 449.0], [192.0, 455.0]]",1.9815828777901052,-12.354308923029146
995,8,"[[200.0, 440.0], [227.0, 433.0], [232.0, 455.0], [207.0, 463.0]]",1.8474942558471596,-15.67940436590846
996,8,"[[203.0, 444.0], [229.0, 437.0], [235.0, 460.0], [209.0, 468.0]]",1.8462956518544738,-15.50658062514813
997,8,"[[235.0, 441.0], [260.0, 435.0], [266.0, 459.0], [240.0, 465.0]]",1.874866021691159,-12.484621535443015
998,8,"[[236.0, 445.0], [262.0, 439.0], [267.0, 463.0], [241.0, 470.0]]",1.8253232611136392,-12.97698965818983
999,8,"[[241.0, 429.0], [268.0, 422.0], [273.0, 447.0], [248.0, 453.0]]",1.8206327325011598,-13.557335562165099
1001,8,"[[274.0, 402.0], [302.0, 395.0], [307.0, 419.0], [281.0, 425.0]]",1.7254691550790786,-13.37802120776609
1002,8,"[[270.0, 356.0], [297.0, 350.0], [303.0, 375.0], [277.0, 382.0]]",1.7534058705064703,-14.241086919400406
1003,8,"[[232.0, 342.0], [263.0, 336.0], [268.0, 361.0], [238.0, 367.0]]",1.564173618171825,-11.677427630820002
1004,8,"[[205.0, 375.0], [235.0, 368.0], [241.0, 393.0], [212.0, 401.0]]",1.6226410222011212,-14.79159934526712
1005,8,"[[206.0, 380.0], [236.0, 373.0], [243.0, 398.0], [215.0, 407.0]]",1.6380646684271798,-15.87994755723912
1006,8,"[[201.0, 355.0], [231.0, 349.0], [238.0, 375.0], [209.0, 383.0]]",1.625391735979756,-14.233196064937621
1007,8,"[[178.0, 342.0], [210.0, 335.0], [216.0, 362.0], [186.0, 370.0]]",1.5653321816539558,-14.83099792462968
1008,8,"[[166.0, 322.0], [198.0, 316.0], [204.0, 344.0], [174.0, 352.0]]",1.5774172630060619,-14.677863532109003
1009,8,"[[170.0, 335.0], [204.0, 328.0], [210.0, 357.0], [178.0, 364.0]]",1.4863974506074877,-13.039796814208781
1010,8,"[[165.0, 341.0], [198.0, 333.0], [206.0, 362.0], [174.0, 371.0]]",1.497296067865937,-16.000466695928747
1011,8,"[[134.0, 338.0], [170.0, 330.0], [177.0, 360.0], [144.0, 369.0]]",1.4405088270717092,-15.43096508896976
1012,8,"[[126.0, 372.0], [162.0, 363.0], [170.0, 395.0], [136.0, 405.0]]",1.418184487558538,-16.74659640838725
1013,8,"[[117.0, 349.0], [153.0, 340.0], [162.0, 371.0], [127.0, 381.0]]",1.4115441569148373,-16.653556235678508
1014,8,"[[125.0, 344.0], [161.0, 336.0], [170.0, 369.0], [134.0, 378.0]]",1.394244990490391,-14.864978884184831
1015,8,"[[144.0, 340.0], [180.0, 332.0], [189.0, 366.0], [152.0, 374.0]]",1.3623538681134624,-13.752079358122774
1016,8,"[[149.0, 346.0], [188.0, 337.0], [197.0, 371.0], [159.0, 381.0]]",1.2796566650586974,-15.076870634199235
1017,8,"[[144.0, 334.0], [183.0, 326.0], [192.0, 362.0], [154.0, 371.0]]",1.2784976067181781,-14.49556557085865
1018,8,"[[80.0, 364.0], [121.0, 354.0], [132.0, 391.0], [90.0, 403.0]]",1.234582785956138,-16.031842090718516
1019,8,"[[48.0, 372.0], [92.0, 361.0], [103.0, 399.0], [59.0, 411.0]]",1.2028479154270975,-16.237204318127514
1020,8,"[[32.0, 346.0], [78.0, 335.0], [89.0, 375.0], [45.0, 386.0]]",1.1899025200041466,-15.84740820095621
1021,8,"[[30.0, 328.0], [76.0, 316.0], [89.0, 357.0], [42.0, 368.0]]",1.1520828730571402,-16.855395317141973
1022,8,"[[63.0, 289.0], [110.0, 279.0], [121.0, 321.0], [74.0, 330.0]]",1.1199675220173566,-14.49423142073922
1023,8,"[[67.0, 278.0], [115.0, 268.0], [127.0, 310.0], [80.0, 321.0]]",1.0970527288625618,-15.363848526113893
1024,8,"[[82.0, 244.0], [130.0, 234.0], [143.0, 278.0], [94.0, 289.0]]",1.0617290769079941,-15.530825881087425
1025,8,"[[110.0, 239.0], [160.0, 229.0], [169.0, 275.0], [122.0, 286.0]]",1.0163237784473664,-18.049382537887993
1026,8,"[[76.0, 228.0], [127.0, 217.0], [139.0, 266.0], [89.0, 276.0]]",1.0021912828817297,-13.00753305038051
1027,8,"[[85.0, 199.0], [137.0, 189.0], [151.0, 237.0], [99.0, 248.0]]",0.991747261246281,-15.937283949856303
1028,8,"[[101.0, 178.0], [154.0, 168.0], [167.0, 219.0], [115.0, 228.0]]",0.9691770715005927,-12.258522808020253
1029,8,"[[116.0, 161.0], [169.0, 152.0], [183.0, 202.0], [129.0, 212.0]]",0.951001485432761,-14.799297483415081
1030,8,"[[176.0, 108.0], [233.0, 104.0], [242.0, 157.0], [187.0, 163.0]]",0.9190204945935642,-10.18947499659814
1031,8,"[[217.0, 107.0], [274.0, 99.0], [285.0, 155.0], [228.0, 162.0]]",0.8611161795950937,-10.972917394704588
1032,8,"[[216.0, 94.0], [274.0, 86.0], [284.0, 145.0], [227.0, 153.0]]",0.8372508305309954,-7.680560427946873
1033,8,"[[196.0, 106.0], [255.0, 99.0], [264.0, 159.0], [205.0, 166.0]]",0.8207994299768696,-6.683260396317897
1034,8,"[[168.0, 84.0], [231.0, 74.0], [244.0, 137.0], [182.0, 146.0]]",0.7983711027474322,-10.480909106664582
1034,1,"[[462.0, 108.0], [474.0, 106.0], [476.0, 119.0], [464.0, 121.0]]",3.7039853627723898,-13.553781647240937
1035,8,"[[175.0, 32.0], [243.0, 25.0], [254.0, 92.0], [188.0, 100.0]]",0.7574724437095008,-12.46728819672013
1035,1,"[[488.0, 93.0], [501.0, 92.0], [503.0, 105.0], [490.0, 107.0]]",3.5384103252779777,-9.403998300852006
1036,8,"[[178.0, 24.0], [247.0, 16.0], [260.0, 84.0], [193.0, 93.0]]",0.7479348490351908,-11.613941416259793
1037,8,"[[204.0, 39.0], [273.0, 32.0], [282.0, 103.0], [213.0, 110.0]]",0.7091803203437145,-5.378350031061683
1038,8,"[[188.0, 27.0], [260.0, 19.0], [271.0, 90.0], [199.0, 99.0]]",0.6953969126104455,-8.08430739185983
1039,8,"[[144.0, 14.0], [222.0, 5.0], [232.0, 84.0], [156.0, 91.0]]",0.6567203193776578,-6.288582993053717
1043,1,"[[469.0, 143.0], [482.0, 142.0], [483.0, 156.0], [470.0, 157.0]]",3.4140278941651827,-8.29902250071954
1055,1,"[[717.0, 71.0], [736.0, 70.0], [737.0, 88.0], [717.0, 90.0]]",2.619710959417369,-1.10203934914356
1056,10,"[[15.0, 125.0], [31.0, 126.0], [34.0, 151.0], [19.0, 151.0]]",2.0986152998342953,-52.91090983785843
1056,1,"[[767.0, 67.0], [787.0, 65.0], [787.0, 84.0], [767.0, 86.0]]",2.6448995720936983,0.13798655946029384
1057,10,"[[18.0, 120.0], [34.0, 122.0], [37.0, 146.0], [21.0, 144.0]]",2.2223340287175337,12.04412169593864
1058,10,"[[34.0, 125.0], [51.0, 126.0], [55.0, 150.0], [39.0, 149.0]]",2.195094792769283,9.090856917979744
1058,1,"[[801.0, 38.0], [821.0, 35.0], [822.0, 55.0], [802.0, 58.0]]",2.668872755745775,-5.920768820680869
1060,10,"[[116.0, 105.0], [131.0, 106.0], [135.0, 131.0], [120.0, 130.0]]",2.063919490148998,12.589780043394319
1061,10,"[[134.0, 114.0], [151.0, 116.0], [155.0, 140.0], [139.0, 139.0]]",2.0597586125468794,-24.463034922336043
1062,10,"[[157.0, 131.0], [174.0, 132.0], [178.0, 157.0], [162.0, 156.0]]",1.992422311251718,10.940643593592933
1063,10,"[[162.0, 106.0], [179.0, 107.0], [183.0, 132.0], [166.0, 131.0]]",2.0215056234852096,11.230253654443176
1065,10,"[[47.0, 80.0], [66.0, 82.0], [71.0, 109.0], [52.0, 108.0]]",1.948760380071243,-35.22582343287617
1066,10,"[[49.0, 32.0], [69.0, 34.0], [74.0, 63.0], [55.0, 62.0]]",1.8740501377343894,-42.25656758605094
